INSERT INTO user             (id, username, email, password, is_show, public_email, prefer_formatted_code, sex, rating, register_time, user_type, school, realname)             VALUES             (2, 'Lzy', 'Lzy@jsoi.cn', '1aecc1bf5eca4fffb4449ef1bd737769', 1, 1, 1, 0, 1500, '1736941034', 'admin', 'JSOI TECH TEAM', '吴高宇');
INSERT INTO user_privilege (user_id, privilege) VALUES (2, 'manage_problem');
INSERT INTO user_privilege (user_id, privilege) VALUES (2, 'manage_problem_tag');
INSERT INTO user_privilege (user_id, privilege) VALUES (2, 'manage_user');
INSERT INTO user_group (user_id, group_id) VALUES (2, 4);
INSERT INTO user             (id, username, email, password, is_show, public_email, prefer_formatted_code, sex, rating, register_time, user_type, school, realname)             VALUES             (3, 'Salty_JellY', 'Salty_JellY@jsoi.cn', 'd0dae291c6d26b98a1df699116db3ee5', 1, 1, 1, 0, 1500, '1736941034', 'admin', 'JSOI TECH TEAM', '黄国栋');
INSERT INTO user_privilege (user_id, privilege) VALUES (3, 'manage_problem');
INSERT INTO user_privilege (user_id, privilege) VALUES (3, 'manage_problem_tag');
INSERT INTO user_privilege (user_id, privilege) VALUES (3, 'manage_user');
INSERT INTO user_group (user_id, group_id) VALUES (3, 3);
INSERT INTO user             (id, username, email, password, is_show, public_email, prefer_formatted_code, sex, rating, register_time, user_type, school, realname)             VALUES             (4, 'Retr28', 'Retr28@jsoi.cn', '5f0d5882419b42ade62d52bccedb6dc1', 1, 1, 1, 0, 1500, '1736941034', 'admin', 'JSOI TECH TEAM', '李子');
INSERT INTO user_privilege (user_id, privilege) VALUES (4, 'manage_problem');
INSERT INTO user_privilege (user_id, privilege) VALUES (4, 'manage_problem_tag');
INSERT INTO user_privilege (user_id, privilege) VALUES (4, 'manage_user');
INSERT INTO user_group (user_id, group_id) VALUES (4, 2);
INSERT INTO user             (id, username, email, password, is_show, public_email, prefer_formatted_code, sex, rating, register_time, user_type, school, realname)             VALUES             (5, 'Sqy', 'Sqy@jsoi.cn', 'a3896cafda098d581a761f43a7aa9441', 1, 1, 1, 0, 1500, '1736941034', 'admin', 'JSOI TECH TEAM', '潘宇轩');
INSERT INTO user_privilege (user_id, privilege) VALUES (5, 'manage_problem');
INSERT INTO user_privilege (user_id, privilege) VALUES (5, 'manage_problem_tag');
INSERT INTO user_privilege (user_id, privilege) VALUES (5, 'manage_user');
INSERT INTO user_group (user_id, group_id) VALUES (5, 2);
INSERT INTO user             (id, username, email, password, is_show, public_email, prefer_formatted_code, sex, rating, register_time, user_type, school, realname)             VALUES             (6, 'charcai', 'charcai@jsoi.cn', '06e7b24758fbcc167ab3e74fc2ae7e2a', 1, 1, 1, 0, 1500, '1736941034', 'admin', 'JSOI TECH TEAM', '蔡彦恒');
INSERT INTO user_privilege (user_id, privilege) VALUES (6, 'manage_problem');
INSERT INTO user_privilege (user_id, privilege) VALUES (6, 'manage_problem_tag');
INSERT INTO user_privilege (user_id, privilege) VALUES (6, 'manage_user');
INSERT INTO user_group (user_id, group_id) VALUES (6, 3);
INSERT INTO user             (id, username, email, password, is_show, public_email, prefer_formatted_code, sex, rating, register_time, user_type, school, realname)             VALUES             (7, 'sakura', 'sakura@jsoi.cn', '0deb42c15a202c42296c19dda3fe231c', 1, 1, 1, 0, 1500, '1736941034', 'admin', 'JSOI TECH TEAM', '李明坤');
INSERT INTO user_privilege (user_id, privilege) VALUES (7, 'manage_problem');
INSERT INTO user_privilege (user_id, privilege) VALUES (7, 'manage_problem_tag');
INSERT INTO user_privilege (user_id, privilege) VALUES (7, 'manage_user');
INSERT INTO user_group (user_id, group_id) VALUES (7, 2);
INSERT INTO user             (id, username, email, password, is_show, public_email, prefer_formatted_code, sex, rating, register_time, user_type, school, realname)             VALUES             (8, 'QianQ', 'QianQ@jsoi.cn', '052fe557031940a4442e5633e2f46b95', 1, 1, 1, 0, 1500, '1736941034', 'admin', 'JSOI TECH TEAM', '刘柏年');
INSERT INTO user_privilege (user_id, privilege) VALUES (8, 'manage_problem');
INSERT INTO user_privilege (user_id, privilege) VALUES (8, 'manage_problem_tag');
INSERT INTO user_privilege (user_id, privilege) VALUES (8, 'manage_user');
INSERT INTO user_group (user_id, group_id) VALUES (8, 3);
INSERT INTO user             (id, username, email, password, is_show, public_email, prefer_formatted_code, sex, rating, register_time, user_type, school, realname)             VALUES             (9, 'IloveFudan', 'IloveFudan@jsoi.cn', 'a17b0daf0128f6a286935145d8c2f391', 1, 1, 1, 0, 1500, '1736941034', 'admin', 'JSOI TECH TEAM', '李响');
INSERT INTO user_privilege (user_id, privilege) VALUES (9, 'manage_problem');
INSERT INTO user_privilege (user_id, privilege) VALUES (9, 'manage_problem_tag');
INSERT INTO user_privilege (user_id, privilege) VALUES (9, 'manage_user');
INSERT INTO user_group (user_id, group_id) VALUES (9, 2);
INSERT INTO user             (id, username, email, password, is_show, public_email, prefer_formatted_code, sex, rating, register_time, user_type, school, realname)             VALUES             (10, 'minicago', 'minicago@jsoi.cn', 'f1d440a8744110c4343957816fd4318f', 1, 1, 1, 0, 1500, '1736941034', 'admin', 'JSOI TECH TEAM', '卞曜洋');
INSERT INTO user_privilege (user_id, privilege) VALUES (10, 'manage_problem');
INSERT INTO user_privilege (user_id, privilege) VALUES (10, 'manage_problem_tag');
INSERT INTO user_privilege (user_id, privilege) VALUES (10, 'manage_user');
INSERT INTO user_group (user_id, group_id) VALUES (10, 3);
INSERT INTO user             (id, username, email, password, is_show, public_email, prefer_formatted_code, sex, rating, register_time, user_type, school, realname)             VALUES             (11, 'Yazmin', 'Yazmin@jsoi.cn', 'd609a9faff55556cbc09f89ff4d42996', 1, 1, 1, 0, 1500, '1736941034', 'admin', 'JSOI TECH TEAM', '任子鸣');
INSERT INTO user_privilege (user_id, privilege) VALUES (11, 'manage_problem');
INSERT INTO user_privilege (user_id, privilege) VALUES (11, 'manage_problem_tag');
INSERT INTO user_privilege (user_id, privilege) VALUES (11, 'manage_user');
INSERT INTO user_group (user_id, group_id) VALUES (11, 2);
INSERT INTO user             (id, username, email, password, is_show, public_email, prefer_formatted_code, sex, rating, register_time, user_type, school, realname)             VALUES             (12, 'SpicySuimai', 'SpicySuimai@jsoi.cn', '5d80663778b3e2264ea3ee1c3978bbac', 1, 1, 1, 0, 1500, '1736941034', 'admin', 'JSOI TECH TEAM', '季裕杰');
INSERT INTO user_privilege (user_id, privilege) VALUES (12, 'manage_problem');
INSERT INTO user_privilege (user_id, privilege) VALUES (12, 'manage_problem_tag');
INSERT INTO user_privilege (user_id, privilege) VALUES (12, 'manage_user');
INSERT INTO user_group (user_id, group_id) VALUES (12, 3);
INSERT INTO user             (id, username, email, password, is_show, public_email, prefer_formatted_code, sex, rating, register_time, user_type, school, realname)             VALUES             (13, 'xxy2004', 'xxy2004@jsoi.cn', '9ba900e745064fbc69ef2f70c4ab9dc0', 1, 1, 1, 0, 1500, '1736941034', 'admin', 'JSOI TECH TEAM', '徐骁远');
INSERT INTO user_privilege (user_id, privilege) VALUES (13, 'manage_problem');
INSERT INTO user_privilege (user_id, privilege) VALUES (13, 'manage_problem_tag');
INSERT INTO user_privilege (user_id, privilege) VALUES (13, 'manage_user');
INSERT INTO user_group (user_id, group_id) VALUES (13, 3);
